{"cameraMode":{"drawMode":0,"name":"Shaded","section":"Shading Mode"},"sceneLighting":false,"audioPlay":false,"sceneViewState":{"m_AlwaysRefresh":false,"showFog":true,"showSkybox":false,"showFlares":true,"showImageEffects":true,"showParticleSystems":true,"showVisualEffectGraphs":true,"m_FxEnabled":true},"in2DMode":false,"pivot":{"x":-0.28285980224609377,"y":-0.0023310184478759767,"z":-0.20624351501464845},"rotation":{"x":-0.2413383424282074,"y":-0.08952061831951142,"z":0.022364191710948945,"w":-0.9660463929176331},"size":15.217021942138672,"orthographic":false}