{"cameraMode":{"drawMode":0,"name":"Shaded","section":"Shading Mode"},"sceneLighting":true,"audioPlay":false,"sceneViewState":{"m_AlwaysRefresh":false,"showFog":true,"showSkybox":true,"showFlares":true,"showImageEffects":true,"showParticleSystems":true,"showVisualEffectGraphs":true,"m_FxEnabled":true},"in2DMode":false,"pivot":{"x":1.4407730102539063,"y":1.5217885971069337,"z":-4.750886917114258},"rotation":{"x":0.010526464320719242,"y":0.9878684282302856,"z":-0.1341787874698639,"w":0.07750588655471802},"size":0.9746582508087158,"orthographic":false}