{"cameraMode":{"drawMode":0,"name":"Shaded","section":"Shading Mode"},"sceneLighting":false,"audioPlay":false,"sceneViewState":{"m_AlwaysRefresh":false,"showFog":true,"showSkybox":false,"showFlares":true,"showImageEffects":true,"showParticleSystems":true,"showVisualEffectGraphs":true,"m_FxEnabled":true},"in2DMode":false,"pivot":{"x":0.1854691505432129,"y":6.666884899139404,"z":0.35214710235595705},"rotation":{"x":-0.24922658503055573,"y":0.11788901686668396,"z":-0.030600255355238916,"w":-0.9607744216918945},"size":10.726713180541993,"orthographic":false}