{"cameraMode":{"drawMode":0,"name":"Shaded","section":"Shading Mode"},"sceneLighting":false,"audioPlay":false,"sceneViewState":{"m_AlwaysRefresh":false,"showFog":true,"showSkybox":false,"showFlares":true,"showImageEffects":true,"showParticleSystems":true,"showVisualEffectGraphs":true,"m_FxEnabled":true},"in2DMode":false,"pivot":{"x":244.6283416748047,"y":5.728721618652344,"z":-24.038848876953126},"rotation":{"x":-0.14942395687103272,"y":0.013934469781816006,"z":-0.0021056276746094229,"w":-0.9886741638183594},"size":81.01463317871094,"orthographic":false}