{"cameraMode":{"drawMode":0,"name":"Shaded","section":"Shading Mode"},"sceneLighting":false,"audioPlay":false,"sceneViewState":{"m_AlwaysRefresh":false,"showFog":true,"showSkybox":false,"showFlares":true,"showImageEffects":true,"showParticleSystems":true,"showVisualEffectGraphs":true,"m_FxEnabled":true},"in2DMode":false,"pivot":{"x":-0.593132734298706,"y":1.5399616956710816,"z":-1.1045019626617432},"rotation":{"x":0.07423267513513565,"y":0.13569344580173493,"z":-0.010196462273597718,"w":0.9879132509231567},"size":1.0123738050460816,"orthographic":false}