{"cameraMode":{"drawMode":0,"name":"Shaded","section":"Shading Mode"},"sceneLighting":false,"audioPlay":false,"sceneViewState":{"m_AlwaysRefresh":false,"showFog":true,"showSkybox":false,"showFlares":true,"showImageEffects":true,"showParticleSystems":true,"showVisualEffectGraphs":true,"m_FxEnabled":true},"in2DMode":false,"pivot":{"x":-0.8631653785705566,"y":0.42154979705810549,"z":-0.3909303545951843},"rotation":{"x":-0.24922658503055573,"y":0.11788901686668396,"z":-0.030600255355238916,"w":-0.9607744216918945},"size":1.3076512813568116,"orthographic":false}